{"length": {"length": 1.0, "highway_residential": -0.06450869133785675, "highway_secondary": -0.027010675855872465, "highway_tertiary": 0.03809659289072859, "highway_primary": 0.015434159516653976, "highway_trunk": 0.04524571104453171, "highway_motorway": 0.19490623393861348}, "highway_residential": {"length": -0.06450869133785675, "highway_residential": 1.0, "highway_secondary": -0.6622323580492845, "highway_tertiary": -0.44839964557238143, "highway_primary": -0.3506604847002942, "highway_trunk": -0.19743251421051186, "highway_motorway": -0.18155123100086903}, "highway_secondary": {"length": -0.027010675855872465, "highway_residential": -0.6622323580492845, "highway_secondary": 1.0, "highway_tertiary": -0.09084146042133996, "highway_primary": -0.07104044540795258, "highway_trunk": -0.03999793064654602, "highway_motorway": -0.03678053523962639}, "highway_tertiary": {"length": 0.03809659289072859, "highway_residential": -0.44839964557238143, "highway_secondary": -0.09084146042133996, "highway_tertiary": 1.0, "highway_primary": -0.048101712571194034, "highway_trunk": -0.027082726640496317, "highway_motorway": -0.0249042179303835}, "highway_primary": {"length": 0.015434159516653976, "highway_residential": -0.3506604847002942, "highway_secondary": -0.07104044540795258, "highway_tertiary": -0.048101712571194034, "highway_primary": 1.0, "highway_trunk": -0.0211794147130502, "highway_motorway": -0.019475762786124996}, "highway_trunk": {"length": 0.04524571104453171, "highway_residential": -0.19743251421051186, "highway_secondary": -0.03999793064654602, "highway_tertiary": -0.027082726640496317, "highway_primary": -0.0211794147130502, "highway_trunk": 1.0, "highway_motorway": -0.010965446580952878}, "highway_motorway": {"length": 0.19490623393861348, "highway_residential": -0.18155123100086903, "highway_secondary": -0.03678053523962639, "highway_tertiary": -0.0249042179303835, "highway_primary": -0.019475762786124996, "highway_trunk": -0.010965446580952878, "highway_motorway": 1.0}}