{
    "study_area_km2": 450.2072842689677,
    "building_count": 35812,
    "buildings_per_km2": 79.54558100531489,
    "total_building_area_km2": 8.278728377623263,
    "built_up_ratio": 0.018388703752463712,
    "built_up_percentage": 1.8388703752463713
}