{
  "test_accuracy": 0.5394045534150613,
  "test_f1_macro": 0.1170657544659825,
  "test_f1_weighted": 0.37887480604752305,
  "per_class_precision": [
    0.0,
    0.0,
    0.0,
    0.0,
    0.0,
    0.5413005272407733
  ],
  "per_class_recall": [
    0.0,
    0.0,
    0.0,
    0.0,
    0.0,
    1.0
  ],
  "per_class_f1": [
    0.0,
    0.0,
    0.0,
    0.0,
    0.0,
    0.702394526795895
  ],
  "confusion_matrix": [
    [
      0,
      0,
      0,
      0,
      0,
      9
    ],
    [
      0,
      0,
      0,
      2,
      0,
      7
    ],
    [
      0,
      0,
      0,
      0,
      0,
      47
    ],
    [
      0,
      0,
      0,
      0,
      0,
      133
    ],
    [
      0,
      0,
      0,
      0,
      0,
      65
    ],
    [
      0,
      0,
      0,
      0,
      0,
      308
    ]
  ],
  "classification_report_text": "              precision    recall  f1-score   support\n\n    Classe 0       0.00      0.00      0.00         9\n    Classe 1       0.00      0.00      0.00         9\n    Classe 2       0.00      0.00      0.00        47\n    Classe 3       0.00      0.00      0.00       133\n    Classe 4       0.00      0.00      0.00        65\n    Classe 5       0.54      1.00      0.70       308\n\n    accuracy                           0.54       571\n   macro avg       0.09      0.17      0.12       571\nweighted avg       0.29      0.54      0.38       571\n",
  "class_distribution": {
    "train": [
      31,
      72,
      207,
      656,
      295,
      1397
    ],
    "val": [
      8,
      14,
      40,
      148,
      47,
      312
    ],
    "test": [
      9,
      9,
      47,
      133,
      65,
      308
    ]
  }
}