{
    "file_path": "data\\Null_SemDomicilios.shp",
    "layer": "default",
    "crs": "EPSG:4674",
    "columns": [
        "CdAponOrNu",
        "AreaApondK",
        "geometry",
        "geometry_wkt"
    ],
    "data_types": {
        "CdAponOrNu": "float64",
        "AreaApondK": "float64",
        "geometry": "geometry",
        "geometry_wkt": "object"
    },
    "num_features": 1,
    "geometry_types": [
        "MultiPolygon"
    ],
    "basic_stats": {
        "CdAponOrNu": {
            "count": 1.0,
            "mean": 0.0,
            "std": NaN,
            "min": 0.0,
            "25%": 0.0,
            "50%": 0.0,
            "75%": 0.0,
            "max": 0.0
        },
        "AreaApondK": {
            "count": 0.0,
            "mean": NaN,
            "std": NaN,
            "min": NaN,
            "25%": NaN,
            "50%": NaN,
            "75%": NaN,
            "max": NaN
        }
    },
    "categorical_stats": {},
    "data_quality": {
        "completeness": {
            "percent_missing": {
                "CdAponOrNu": 0.0,
                "AreaApondK": 1.0,
                "geometry": 0.0
            },
            "total_missing_values": 1,
            "columns_with_nulls": [
                "AreaApondK"
            ]
        },
        "uniqueness": {
            "duplicate_rows": 0,
            "unique_values_by_column": {
                "CdAponOrNu": 1,
                "AreaApondK": 0
            }
        }
    },
    "spatial_statistics": {
        "bounds": {
            "minx": -47.49994704064601,
            "miny": -23.54011076471564,
            "maxx": -47.41558319159383,
            "maxy": -23.429358781318978
        },
        "area": null,
        "length": null,
        "centroid": {
            "x": -47.47029827041843,
            "y": -23.481813994354322
        }
    },
    "sample_geometries": [
        "MULTIPOLYGON (((-47.416191196975426 -23.479516032207687, -47.416638196774024 -23.478488028306657, -47.41598919146079 -23.478257029454348, -47.41558319159383 -23.4791420325327, -47.41589919447505 -23.479331032886897, -47.416191196975426 -23.479516032207687)), ((-47.4563435653023 -23.51191402266735, -47.45651956650305 -23.51191302216109, -47.45666556667732 -23.511506020714723, -47.45637356135897 -23.510693018488524, -47.455218554134674 -23.51063802149036, -47.45519455648457 -23.511528024715062, -47.45606556309075 -23.511876023325154, -47.4563435653023 -23.51191402266735)), ((-47.496755918542725 -23.538680994955243, -47.49656691655801 -23.53864999572607, -47.496185913913536 -23.538484995824415, -47.49717249440617 -23.54011076471564, -47.49734489999997 -23.540025299999968, -47.497648599999934 -23.53992009999996, -47.49788369999993 -23.53974919999996, -47.498031699999956 -23.539627399999972, -47.49827179999994 -23.53944679999995, -47.49843099999998 -23.539372499999956, -47.498608899999965 -23.539188199999955, -47.49869879999994 -23.539009999999962, -47.49880899999994 -23.538812399999983, -47.49896679999995 -23.538661699999977, -47.49918029999998 -23.538448099999982, -47.499397999999985 -23.538177099999928, -47.49962149999993 -23.537939499999936, -47.49976869999995 -23.537779499999942, -47.49994704064601 -23.537656677208524, -47.49994293559733 -23.537437983291266, -47.49717692081584 -23.53862199366567, -47.49693191972436 -23.53867399505332, -47.496755918542725 -23.538680994955243)), ((-47.48408173183149 -23.505396931493404, -47.484858731428254 -23.503604924364016, -47.48278471745084 -23.503686930174823, -47.482717718385686 -23.503973930928627, -47.48247371871698 -23.50476893366335, -47.482467719142285 -23.505011934799597, -47.483335726192905 -23.505263933206912, -47.48408173183149 -23.505396931493404)), ((-47.47970370103617 -23.505075942420074, -47.47989169903974 -23.50382093796448, -47.47894969217509 -23.503731939645863, -47.478891695596786 -23.50497194392785, -47.47911769691426 -23.505027943387983, -47.47970370103617 -23.505075942420074)), ((-47.45915234385662 -23.433065785431893, -47.45921434320192 -23.432660784297617, -47.45936134232469 -23.432184782159776, -47.45810133370959 -23.432015785229343, -47.4576643301464 -23.43192878569208, -47.45775232942765 -23.431346783905195, -47.457872328615835 -23.430769782280436, -47.457974326850206 -23.43019177975379, -47.45807432584784 -23.42960377854071, -47.456529314537725 -23.429358781318978, -47.45639231621351 -23.42992378329882, -47.456313317453144 -23.4305207857983, -47.45621231838743 -23.431103787668047, -47.45609631941657 -23.431682789380798, -47.45600531958459 -23.43213579114508, -47.45590932022354 -23.43253479207338, -47.456952328204636 -23.432715790154084, -47.45748633145016 -23.432787788704662, -47.45793533472068 -23.432865787769476, -47.45915234385662 -23.433065785431893)))"
    ],
    "preprocessing_recommendations": [
        "Handle missing values in columns: AreaApondK."
    ],
    "topology": {
        "error": "No module named 'networkx'"
    }
}