{
  "report_id": "20250413_153940",
  "report_date": "2025-04-13 15:39:40",
  "data_source": "F:\\TESE_MESTRADO\\geoprocessing\\data\\processed\\licenciamento_processed.gpkg",
  "original_features": 24245,
  "enriched_features": 23438,
  "new_attributes": [
    "cluster_id",
    "voronoi_area_km2",
    "Area_Cobertura_km2",
    "distancia_media_cluster",
    "voronoi_vizinhos",
    "Raio_Cobertura_km",
    "densidade_cluster",
    "categoria_eirp",
    "categoria_raio",
    "setor_geometria",
    "densidade_local",
    "tipo_area",
    "EIRP_dBm"
  ],
  "statistics": {
    "EIRP_dBm": {
      "mean": 47.958618218247985,
      "median": 45.44068044350276,
      "min": 23.010299956639813,
      "max": 93.20008202553814,
      "std": 11.599817955059176
    },
    "Raio_Cobertura_km": {
      "mean": 17.738829989408615,
      "median": 20.0,
      "min": 0.30441400304414,
      "max": 20.0,
      "std": 4.259211101852018
    },
    "Area_Cobertura_km2": {
      "mean": 348.5138320175482,
      "median": 418.87902047863906,
      "min": 0.09704158250769468,
      "max": 418.87902047863906,
      "std": 125.93597637979492
    },
    "densidade_local": {
      "mean": 2183.063998634696,
      "median": 1367.0,
      "min": 0.0,
      "max": 7018.0,
      "std": 2261.396286229868
    },
    "tipo_area": {
      "distribution": {
        "URBANA_DENSA": 23385,
        "SUBURBANA": 33,
        "RURAL": 14,
        "URBANA": 0
      }
    },
    "classe_importancia": {
      "status": "Classificação de importância será processada em nuvem"
    }
  },
  "data_validation": {
    "valid_geometries": 23438,
    "invalid_geometries": 0,
    "null_values": {
      "tipo_area": 6,
      "distancia_media_cluster": 27
    }
  },
  "operadoras": {
    "Telefonica Brasil S.a.": {
      "count": 270,
      "avg_eirp": 62.17200308547976,
      "avg_raio": 13.73272113265822,
      "total_coverage_km2": 58990.32580691601
    },
    "TELEFONICA BRASIL S.A.": {
      "count": 2550,
      "avg_eirp": 62.72449284510018,
      "avg_raio": 13.270193538819925,
      "total_coverage_km2": 533467.5366819096
    },
    "CLARO S.A.": {
      "count": 2480,
      "avg_eirp": 63.799701147639645,
      "avg_raio": 12.994374170858027,
      "total_coverage_km2": 498279.59683543025
    },
    "TIM S A": {
      "count": 2372,
      "avg_eirp": 61.86430002565973,
      "avg_raio": 13.466493853409242,
      "total_coverage_km2": 504915.51024938474
    },
    "TELEFÔNICA BRASIL S.A.": {
      "count": 10,
      "avg_eirp": 61.169691172335305,
      "avg_raio": 15.717472118959108,
      "total_coverage_km2": 2875.0703774829503
    },
    "POLICIA MILITAR DO ESTADO DE SÃO PAULO": {
      "count": 20,
      "avg_eirp": 53.458971326531675,
      "avg_raio": 17.251051900229584,
      "total_coverage_km2": 7129.745054089306
    },
    "PROTEGE S/A - PROTECAO E TRANSPORTE DE VALORES": {
      "count": 3,
      "avg_eirp": 46.53212513775344,
      "avg_raio": 20.0,
      "total_coverage_km2": 1256.637061435917
    },
    "EMPRESA DE DESENVOLVIMENTO URBANO E SOCIAL DE SOROCABA - URBES": {
      "count": 425,
      "avg_eirp": 39.197449357526615,
      "avg_raio": 20.0,
      "total_coverage_km2": 178023.58370342164
    },
    "BERBEL VIGILANCIA E SEGURANÇA PATRIMONIAL LTDA": {
      "count": 284,
      "avg_eirp": 40.90485183450167,
      "avg_raio": 20.0,
      "total_coverage_km2": 118961.64181593352
    },
    "SAMURAY SEGURANCA E VIGILANCIA LTDA - ME": {
      "count": 4,
      "avg_eirp": 55.53212513775344,
      "avg_raio": 20.0,
      "total_coverage_km2": 1675.5160819145563
    },
    "SOCIEDADE DE MELHORAMENTOS JARDIM GRANJA OLGA III": {
      "count": 81,
      "avg_eirp": 37.150066710562164,
      "avg_raio": 20.0,
      "total_coverage_km2": 33929.20065876977
    },
    "SOCIEDADE DE MELHORAMENTOS JARDIM GRANJA OLGA": {
      "count": 50,
      "avg_eirp": 36.98970004336019,
      "avg_raio": 20.0,
      "total_coverage_km2": 20943.951023931953
    },
    "SOCIEDADE MELHORAMENTOS JARDIM GRANJA OLGA II": {
      "count": 50,
      "avg_eirp": 36.98970004336019,
      "avg_raio": 20.0,
      "total_coverage_km2": 20943.951023931953
    },
    "TECSIS TECNOLOGIA E SISTEMAS AVANCADOS S.A.": {
      "count": 4,
      "avg_eirp": 55.235389083702174,
      "avg_raio": 1.347207485299563,
      "total_coverage_km2": 7.616057181748424
    },
    "OLIVEIRA MENDES SEGURANÇA PRIVADA LTDA": {
      "count": 107,
      "avg_eirp": 38.86251244506354,
      "avg_raio": 20.0,
      "total_coverage_km2": 44820.05519121439
    },
    "IHARABRAS SA INDUSTRIAS QUIMICAS": {
      "count": 244,
      "avg_eirp": 36.085835980275036,
      "avg_raio": 20.0,
      "total_coverage_km2": 102206.48099678796
    },
    "SHOPPING CIDADE - SOROCABA": {
      "count": 193,
      "avg_eirp": 37.90476433745058,
      "avg_raio": 20.0,
      "total_coverage_km2": 80843.65095237736
    },
    "C & A MODAS LTDA": {
      "count": 11,
      "avg_eirp": 36.98970004336019,
      "avg_raio": 20.0,
      "total_coverage_km2": 4607.66922526503
    },
    "ICON TAXI AEREO LTDA": {
      "count": 1,
      "avg_eirp": 42.542425094393245,
      "avg_raio": 20.0,
      "total_coverage_km2": 418.87902047863906
    },
    "LIQUIGAS DISTRIBUIDORA S.A.": {
      "count": 4,
      "avg_eirp": 30.0,
      "avg_raio": 20.0,
      "total_coverage_km2": 1675.5160819145563
    },
    "COMPANHIA PIRATININGA DE FORCA E LUZ": {
      "count": 2157,
      "avg_eirp": 43.89139740770573,
      "avg_raio": 19.980441621527213,
      "total_coverage_km2": 902376.3245613861
    },
    "TELEVISAO SOROCABA LTDA": {
      "count": 4,
      "avg_eirp": 59.62251153924635,
      "avg_raio": 3.3154335383672024,
      "total_coverage_km2": 46.05117929230526
    },
    "SCHAEFFLER BRASIL LTDA": {
      "count": 61,
      "avg_eirp": 36.15073434377407,
      "avg_raio": 20.0,
      "total_coverage_km2": 25551.62024919698
    },
    "WOBBEN WINDPOWER INDUSTRIA E COMERCIO LTDA": {
      "count": 1240,
      "avg_eirp": 36.98970004336019,
      "avg_raio": 20.0,
      "total_coverage_km2": 519409.9853935125
    },
    "MUNICIPIO DE SOROCABA": {
      "count": 6271,
      "avg_eirp": 40.929936108102886,
      "avg_raio": 19.94039493108121,
      "total_coverage_km2": 2617569.396641001
    },
    "Donizetti Macahubas Silva": {
      "count": 4,
      "avg_eirp": 43.638181262758266,
      "avg_raio": 20.0,
      "total_coverage_km2": 1675.5160819145563
    },
    "SECRETARIA DA ADMINISTRACAO PENITENCIARIA": {
      "count": 894,
      "avg_eirp": 38.21503474586905,
      "avg_raio": 20.0,
      "total_coverage_km2": 374477.8443079034
    },
    "ENGEFORT SISTEMA AVANÇADO DE SEGURANÇA LTDA": {
      "count": 80,
      "avg_eirp": 39.03462443487901,
      "avg_raio": 20.0,
      "total_coverage_km2": 33510.32163829113
    },
    "POLICIA CIVIL DO ESTADO DE SÃO PAULO - DIVISÃO DE COMUNICAÇÕES": {
      "count": 1706,
      "avg_eirp": 42.07319191646704,
      "avg_raio": 20.0,
      "total_coverage_km2": 714607.6089365582
    },
    "DEPARTAMENTO AEROVIARIO DO ESTADO DE SAO PAULO": {
      "count": 13,
      "avg_eirp": 40.31813853394272,
      "avg_raio": 20.0,
      "total_coverage_km2": 5445.427266222308
    },
    "ASSOCIACAO DOS PROFISSIONAIS DE RESGATE E EMERGENCIAS MEDICAS - APREMED": {
      "count": 15,
      "avg_eirp": 47.13212513775343,
      "avg_raio": 20.0,
      "total_coverage_km2": 6283.185307179587
    },
    "GOCIL SERVICOS DE VIGILANCIA E SEGURANCA LTDA": {
      "count": 11,
      "avg_eirp": 37.290518106923315,
      "avg_raio": 20.0,
      "total_coverage_km2": 4607.66922526503
    },
    "SERVICO AUTONOMO DE AGUA E ESGOTO": {
      "count": 489,
      "avg_eirp": 47.992080354814235,
      "avg_raio": 20.0,
      "total_coverage_km2": 204831.84101405455
    },
    "CRB INCORPORACAO E CONSTRUCAO LTDA": {
      "count": 5,
      "avg_eirp": 36.98970004336019,
      "avg_raio": 20.0,
      "total_coverage_km2": 2094.3951023931954
    },