{
    "landuse_stats": {
        "total_area_km2": 56.74995869234043,
        "area_by_category_km2": {
            "agriculture": 13.475361545979743,
            "extraction": 0.5241991944145836,
            "forest": 0.8831166869452096,
            "green": 5.040527426887499,
            "institutional": 0.4863588463474478,
            "other": 2.454830360163088,
            "urban": 33.81466736153683,
            "water": 0.07089727006603154
        },
        "area_percentage": {
            "agriculture": 23.745147761311973,
            "extraction": 0.9236996933450368,
            "forest": 1.5561538850325267,
            "green": 8.881993120407012,
            "institutional": 0.857020617379043,
            "other": 4.32569541322753,
            "urban": 59.58536030811386,
            "water": 0.1249292011830144
        },
        "land_categories": {
            "agriculture": 51,
            "extraction": 2,
            "forest": 10,
            "green": 335,
            "institutional": 97,
            "other": 49,
            "urban": 2002,
            "water": 4
        }
    },
    "elevation_stats": {
        "global": {
            "min": 549.9999999999999,
            "max": 720.6978352142362,
            "mean": 607.5069216575646,
            "range_mean": 3.2399538517510953
        },
        "by_category": {
            "agriculture": {
                "mean": 596.5518163674321,
                "min": 549.9999999999999,
                "max": 650.0000000000001,
                "range": 10.459838627152102
            },
            "extraction": {
                "mean": 670.4131323153733,
                "min": 642.152205816119,
                "max": 700.0000000000001,
                "range": 41.574842800043314
            },
            "forest": {
                "mean": 605.4982065115659,
                "min": 589.970073661135,
                "max": 636.6336312477223,
                "range": 1.9118428892122412
            },
            "green": {
                "mean": 606.6793810346892,
                "min": 550.0,
                "max": 700.0000000000001,
                "range": 4.33391556674729
            },
            "institutional": {
                "mean": 605.7418299134761,
                "min": 550.0,
                "max": 700.0,
                "range": 0.590535077906445
            },
            "other": {
                "mean": 604.8664094810889,
                "min": 553.8428664359307,
                "max": 650.0000000000001,
                "range": 4.5820411843536855
            },
            "urban": {
                "mean": 608.6284917444063,
                "min": 550.0,
                "max": 720.6978352142362,
                "range": 2.613484129807526
            },
            "water": {
                "mean": 587.0909466643656,
                "min": 555.4292083556267,
                "max": 600.0,
                "range": 4.076249970889042
            }
        }
    },
    "terrain_stats": {
        "slope": {
            "mean": 19.113416824274058,
            "by_category": {
                "agriculture": 19.048813140102425,
                "extraction": 44.53826877869922,
                "forest": 22.075856817068498,
                "green": 23.0015146295835,
                "institutional": 14.061122922286247,
                "other": 12.94097476520553,
                "urban": 18.615584085730035,
                "water": 22.66311562920833
            }
        },
        "aspect": {
            "distribution": {
                "Indefinido": 1313,
                "Norte": 584,
                "Nordeste": 209,
                "Leste": 122,
                "Oeste": 84,
                "Sul": 75,
                "Sudoeste": 73,
                "Sudeste": 63,
                "Noroeste": 27
            }
        }
    },
    "landscape_metrics": {
        "green": {
            "num_patches": 335,
            "total_area_km2": 5.040527426887499,
            "mean_patch_size_km2": 0.015046350528022384,
            "largest_patch_km2": 0.20958363363132587,
            "largest_patch_index": 4.157970305118304,
            "patch_density": 5.903087997229065
        },
        "urban": {
            "num_patches": 2002,
            "total_area_km2": 33.814667361536834,
            "mean_patch_size_km2": 0.016890443237530885,
            "largest_patch_km2": 2.5599009402374793,
            "largest_patch_index": 7.570386284944767,
            "patch_density": 35.27755871776892
        },
        "agriculture": {
            "num_patches": 51,
            "total_area_km2": 13.475361545979744,
            "mean_patch_size_km2": 0.2642227754113675,
            "largest_patch_km2": 1.5613136311195375,
            "largest_patch_index": 11.586432214023539,
            "patch_density": 0.8986790682348725
        },
        "other": {
            "num_patches": 49,
            "total_area_km2": 2.454830360163088,
            "mean_patch_size_km2": 0.05009857877883853,
            "largest_patch_km2": 0.8127494437202484,
            "largest_patch_index": 33.10817142029533,
            "patch_density": 0.863436751833505
        },
        "institutional": {
            "num_patches": 97,
            "total_area_km2": 0.48635884634744786,
            "mean_patch_size_km2": 0.005014008725231421,
            "largest_patch_km2": 0.05882003440262775,
            "largest_patch_index": 12.093957958072702,
            "patch_density": 1.7092523454663262
        },
        "forest": {
            "num_patches": 10,
            "total_area_km2": 0.8831166869452096,
            "mean_patch_size_km2": 0.08831166869452096,
            "largest_patch_km2": 0.3580526405315214,
            "largest_patch_index": 40.54420506649715,
            "patch_density": 0.17621158200683776
        },
        "water": {
            "num_patches": 4,
            "total_area_km2": 0.07089727006603154,
            "mean_patch_size_km2": 0.017724317516507885,
            "largest_patch_km2": 0.03535069695988393,
            "largest_patch_index": 49.86185917590251,
            "patch_density": 0.0704846328027351
        },
        "extraction": {
            "num_patches": 2,
            "total_area_km2": 0.5241991944145836,
            "mean_patch_size_km2": 0.2620995972072918,
            "largest_patch_km2": 0.32822966506080464,
            "largest_patch_index": 62.615446295633035,
            "patch_density": 0.03524231640136755
        },
        "overall": {
            "shannon_diversity_index": 1.158008032460602,
            "simpson_diversity_index": 0.5784126424465426,
            "dominance_index": 0.42158735755345744,
            "total_edge_km": 528.2652195965752,
            "edge_density_km_per_km2": 9.308645006430206,
            "num_categories": 8,
            "total_patches": 2550,
            "landscape_area_km2": 56.74995869234043
        }
    },
    "adjacency_matrix": {
        "agriculture": {
            "agriculture": 8,
            "extraction": 0,
            "forest": 2,
            "green": 0,
            "institutional": 0,
            "other": 0,
            "urban": 4,
            "water": 0
        },
        "extraction": {
            "agriculture": 0,
            "extraction": 0,
            "forest": 0,
            "green": 0,
            "institutional": 0,
            "other": 0,
            "urban": 0,
            "water": 0
        },
        "forest": {
            "agriculture": 2,
            "extraction": 0,
            "forest": 0,
            "green": 2,
            "institutional": 0,
            "other": 0,
            "urban": 2,
            "water": 0
        },
        "green": {
            "agriculture": 0,
            "extraction": 0,
            "forest": 2,
            "green": 216,
            "institutional": 4,
            "other": 0,
            "urban": 74,
            "water": 0
        },
        "institutional": {
            "agriculture": 0,