{
  "test_accuracy": 0.5971978984238179,
  "test_f1_macro": 0.2343158027638652,
  "test_f1_weighted": 0.5196791297698553,
  "per_class_precision": [
    0.0,
    0.0,
    0.4,
    0.4810126582278481,
    0.42857142857142855,
    0.6260683760683761
  ],
  "per_class_recall": [
    0.0,
    0.0,
    0.0851063829787234,
    0.2857142857142857,
    0.09230769230769231,
    0.9512987012987013
  ],
  "per_class_f1": [
    0.0,
    0.0,
    0.14035087719298245,
    0.3584905660377359,
    0.1518987341772152,
    0.7551546391752577
  ],
  "confusion_matrix": [
    [
      0,
      0,
      6,
      0,
      0,
      3
    ],
    [
      0,
      0,
      0,
      1,
      0,
      8
    ],
    [
      0,
      0,
      4,
      18,
      0,
      25
    ],
    [
      0,
      0,
      0,
      38,
      6,
      89
    ],
    [
      0,
      0,
      0,
      9,
      6,
      50
    ],
    [
      0,
      0,
      0,
      13,
      2,
      293
    ]
  ],
  "classification_report_text": "              precision    recall  f1-score   support\n\n    Classe 0       0.00      0.00      0.00         9\n    Classe 1       0.00      0.00      0.00         9\n    Classe 2       0.40      0.09      0.14        47\n    Classe 3       0.48      0.29      0.36       133\n    Classe 4       0.43      0.09      0.15        65\n    Classe 5       0.63      0.95      0.76       308\n\n    accuracy                           0.60       571\n   macro avg       0.32      0.24      0.23       571\nweighted avg       0.53      0.60      0.52       571\n",
  "class_distribution": {
    "train": [
      31,
      72,
      207,
      656,
      295,
      1397
    ],
    "val": [
      8,
      14,
      40,
      148,
      47,
      312
    ],
    "test": [
      9,
      9,
      47,
      133,
      65,
      308
    ]
  }
}