{
    "media": 0.19540380827314513,
    "mediana": 0.0,
    "desvio_padrao": 1.4649686752554625,
    "minimo": 0.0,
    "maximo": 31.2,
    "q1": 0.0,
    "q3": 0.0,
    "contagem": 3046,
    "valores_nulos": 5738,
    "percentual_nulos": 65.32331511839709
}