{
    "media": -51.40861111000001,
    "mediana": -51.40861111,
    "desvio_padrao": 7.105831844969764e-15,
    "minimo": -51.40861111,
    "maximo": -51.40861111,
    "q1": -51.40861111,
    "q3": -51.40861111,
    "contagem": 8784,
    "valores_nulos": 0,
    "percentual_nulos": 0.0
}