{
    "media": -22.11999999,
    "mediana": -22.11999999,
    "desvio_padrao": 0.0,
    "minimo": -22.11999999,
    "maximo": -22.11999999,
    "q1": -22.11999999,
    "q3": -22.11999999,
    "contagem": 8784,
    "valores_nulos": 0,
    "percentual_nulos": 0.0
}